Date and time,actual_reporting,predicted_reporting
2024-06-01 06:00:00,20.504166666666666,22.81695402107792
2024-06-01 07:00:00,20.864285714285714,23.127475885573432
2024-06-01 08:00:00,21.114404761904762,23.515859519929414
2024-06-01 09:00:00,21.154166666666665,23.6655038295158
2024-06-01 10:00:00,21.147499999999997,23.884732618170787
2024-06-01 11:00:00,21.1525,23.99827870167706
2024-06-01 12:00:00,21.1425,24.054057399033404
2024-06-01 13:00:00,21.121249999999996,24.082298475461357
2024-06-01 14:00:00,20.983333333333334,24.083731657868135
2024-06-01 15:00:00,20.8975,23.9750658106745
2024-06-01 16:00:00,20.855416666666667,24.035986852382123
2024-06-01 17:00:00,20.925,23.917671770490802
2024-06-01 18:00:00,20.851666666666667,23.652681365549356
2024-06-01 19:00:00,20.78125,23.355312030819753
2024-06-01 20:00:00,20.776666666666667,23.21001455424608
2024-06-01 21:00:00,20.639999999999997,23.19218487585526
2024-06-01 22:00:00,20.619166666666665,23.046333384965386
2024-06-01 23:00:00,20.5475,22.934667809231637
2024-06-02 00:00:00,20.5275,22.73629151672822
2024-06-02 01:00:00,20.485,22.685670708964473
2024-06-02 02:00:00,20.45,22.77648769483732
2024-06-02 03:00:00,20.389166666666668,22.702166097226293
2024-06-02 04:00:00,20.359166666666667,22.627159474757697
2024-06-02 05:00:00,20.335833333333333,22.811198365065067
2024-06-02 06:00:00,20.633333333333333,23.247486263075345
2024-06-02 07:00:00,21.055892857142858,23.431953779942596
2024-06-02 08:00:00,21.333928571428572,23.766651837257783
2024-06-02 09:00:00,21.333333333333332,23.944601950014704
2024-06-02 10:00:00,21.2475,24.04736674379152
2024-06-02 11:00:00,21.066666666666666,24.06158635247273
2024-06-02 12:00:00,20.970833333333335,24.044856088126494
2024-06-02 13:00:00,20.9075,24.04817557933796
2024-06-02 14:00:00,20.793333333333333,23.87516179121383
2024-06-02 15:00:00,20.7225,23.684490863689227
2024-06-02 16:00:00,20.7125,23.558126580595783
2024-06-02 17:00:00,20.65833333333333,23.46111066909552
2024-06-02 18:00:00,20.65416666666667,23.345486388086464
2024-06-02 19:00:00,20.65,23.148656564221504
2024-06-02 20:00:00,20.5375,23.06885283171752
2024-06-02 21:00:00,20.5275,23.092010443357076
2024-06-02 22:00:00,20.447499999999998,23.100287199103796
2024-06-02 23:00:00,20.454166666666666,23.04264749457346
2024-06-03 00:00:00,20.3625,23.27640040335598
2024-06-03 01:00:00,20.3325,23.581008389068604
2024-06-03 02:00:00,20.34,23.735339146317123
2024-06-03 03:00:00,20.2825,23.72799235025645
2024-06-03 04:00:00,20.2375,23.663728610466077
2024-06-03 05:00:00,20.1875,23.500149340535543
2024-06-03 06:00:00,20.341666666666665,22.68071534386567
2024-06-03 07:00:00,20.4875,22.423074245601185
2024-06-03 08:00:00,20.75,22.093518937544548
2024-06-03 09:00:00,20.879166666666666,21.854840202801352
2024-06-03 10:00:00,20.960833333333333,21.852505959798087
2024-06-03 11:00:00,20.93,22.263232538434167
2024-06-03 12:00:00,21.028750000000002,22.133797529139215
2024-06-03 13:00:00,21.229285714285716,22.162878242803647
2024-06-03 14:00:00,21.3175,22.200472691184274
2024-06-03 15:00:00,21.4125,22.18086393950042
2024-06-03 16:00:00,21.451666666666668,22.119837421765446
2024-06-03 17:00:00,21.2625,22.45302572006519
2024-06-03 18:00:00,21.131666666666668,22.248140768282106
2024-06-03 19:00:00,20.9875,22.498017400391923
2024-06-03 20:00:00,20.948333333333334,22.70653553915988
2024-06-03 21:00:00,20.87464285714286,23.089891445140722
2024-06-03 22:00:00,20.825,23.27303988422515
2024-06-03 23:00:00,20.75107142857143,23.44490493501229
2024-06-04 00:00:00,20.691666666666666,23.19894751301922
2024-06-04 01:00:00,20.6525,23.219009397749304
2024-06-04 02:00:00,20.4125,22.919675772270814
2024-06-04 03:00:00,20.195833333333333,22.889601537161543
2024-06-04 04:00:00,20.085833333333333,22.812782439715825
2024-06-04 05:00:00,20.066666666666666,23.313822537714877
2024-06-04 06:00:00,20.479166666666668,23.19822055766958
2024-06-04 07:00:00,21.114285714285714,23.07611767565278
2024-06-04 08:00:00,21.545,22.747527738239437
2024-06-04 09:00:00,21.77583333333333,22.56107200636657
2024-06-04 10:00:00,21.726666666666667,22.555293045354354
2024-06-04 11:00:00,21.588333333333335,22.69434386055895
2024-06-04 12:00:00,21.57625,22.250362894769122
2024-06-04 13:00:00,21.620833333333334,22.19180498144969
2024-06-04 14:00:00,21.5475,22.200375711493358
2024-06-04 15:00:00,21.576785714285712,22.055863031149492
2024-06-04 16:00:00,21.654166666666665,21.947504030575974
2024-06-04 17:00:00,21.525,22.25543666046984
2024-06-04 18:00:00,21.4225,22.20249187969992
2024-06-04 19:00:00,21.341666666666665,22.491326613175726
2024-06-04 20:00:00,21.240000000000002,22.788731104017387
2024-06-04 21:00:00,21.167142857142856,23.203693634713666
2024-06-04 22:00:00,21.101190476190478,23.42179809939584
2024-06-04 23:00:00,21.03107142857143,23.60272342242692
2024-06-05 00:00:00,20.964166666666667,23.508433000676476
2024-06-05 01:00:00,20.8975,23.395078761714572
2024-06-05 02:00:00,20.845833333333335,23.330748687010733
2024-06-05 03:00:00,20.775,23.29552663374568
2024-06-05 04:00:00,20.75,23.333473320204504
2024-06-05 05:00:00,20.76,23.422187125448243
2024-06-05 06:00:00,21.179166666666667,23.158857933265686
2024-06-05 07:00:00,21.721666666666664,23.049114453336937
2024-06-05 08:00:00,22.0,22.803965708827555
2024-06-05 09:00:00,22.129166666666666,22.62488803177994
2024-06-05 10:00:00,22.152380952380952,22.467506861574904
2024-06-05 11:00:00,21.997500000000002,22.82850222010289
2024-06-05 12:00:00,22.08416666666667,22.328137783130785
2024-06-05 13:00:00,22.283333333333335,22.391352257549215
2024-06-05 14:00:00,22.375,22.35177434129551
2024-06-05 15:00:00,22.45,22.504515773802304
2024-06-05 16:00:00,22.5125,22.439748096595743
2024-06-05 17:00:00,22.420833333333334,22.804839079718704
2024-06-05 18:00:00,22.289166666666667,22.688812793945786
2024-06-05 19:00:00,22.13511904761905,22.891917816747807
2024-06-05 20:00:00,21.995833333333334,23.159617953004282
2024-06-05 21:00:00,21.902380952380952,23.560151923455113
2024-06-05 22:00:00,21.825000000000003,23.761609576250187
2024-06-05 23:00:00,21.757916666666667,23.998043289999842
2024-06-06 00:00:00,21.68125,23.815114450265796
2024-06-06 01:00:00,21.642500000000002,23.66356102078317
2024-06-06 02:00:00,21.570833333333333,23.675578413594287
2024-06-06 03:00:00,21.509166666666665,23.61263647201337
2024-06-06 04:00:00,21.458750000000002,23.555986689876253
2024-06-06 05:00:00,21.473333333333336,23.81896707241693
2024-06-06 06:00:00,21.87708333333333,23.547323883467183
2024-06-06 07:00:00,22.347023809523808,23.333305203677803
2024-06-06 08:00:00,22.604166666666664,23.015027808541248
2024-06-06 09:00:00,22.758482142857144,22.879213479227495
2024-06-06 10:00:00,22.759999999999998,22.80329199372855
2024-06-06 11:00:00,22.61577380952381,23.130080750737765
2024-06-06 12:00:00,22.731250000000003,22.81247210733284
2024-06-06 13:00:00,22.9125,22.769262044701556
2024-06-06 14:00:00,22.996666666666666,22.86042864953373
2024-06-06 15:00:00,23.101666666666667,22.862341538215183
2024-06-06 16:00:00,23.170833333333334,22.576248812217948
2024-06-06 17:00:00,23.020833333333336,22.859418317237537
2024-06-06 18:00:00,22.875,22.78075857256647
2024-06-06 19:00:00,22.770833333333336,23.01629706825672
2024-06-06 20:00:00,22.645,23.22844917356568
2024-06-06 21:00:00,22.5375,23.718362748681535
2024-06-06 22:00:00,22.435833333333335,23.884851274149426
2024-06-06 23:00:00,22.45,24.21427639823215
2024-06-07 00:00:00,22.4,24.01176758019151
2024-06-07 01:00:00,22.334999999999997,23.963344116162865
2024-06-07 02:00:00,22.28875,23.969646845925855
2024-06-07 03:00:00,22.189285714285717,23.885470628627047
2024-06-07 04:00:00,22.219166666666666,23.863873257548157
2024-06-07 05:00:00,22.1725,24.12622803790835
2024-06-07 06:00:00,22.30625,23.696256472780476
2024-06-07 07:00:00,22.495,23.43548435220331
2024-06-07 08:00:00,22.744166666666665,23.105202322722405
2024-06-07 09:00:00,23.04375,23.024646365474513
2024-06-07 10:00:00,23.183333333333334,22.908299149943694
2024-06-07 11:00:00,23.0625,23.196008217276656
2024-06-07 12:00:00,23.195833333333333,22.80326948577046
2024-06-07 13:00:00,23.39857142857143,22.76881340156094
2024-06-07 14:00:00,23.53125,22.730382638324798
2024-06-07 15:00:00,23.633333333333333,22.794271158357546
2024-06-07 16:00:00,23.7,22.671135566370943
2024-06-07 17:00:00,23.623333333333335,23.012186096159375
2024-06-07 18:00:00,23.36,22.942039980298542
2024-06-07 19:00:00,23.24238095238095,23.1916878064197
2024-06-07 20:00:00,23.140833333333333,23.440444943447208
2024-06-07 21:00:00,23.06095238095238,23.917370915633533
2024-06-07 22:00:00,22.9725,24.091507855437065
2024-06-07 23:00:00,22.956458333333334,24.415065934877465
2024-06-08 00:00:00,22.85,24.24929752096253
2024-06-08 01:00:00,22.833333333333336,24.219175943040476
2024-06-08 02:00:00,22.783333333333335,24.21980707118671
2024-06-08 03:00:00,22.739166666666666,24.10594524560384
2024-06-08 04:00:00,22.7,24.089420535518165
2024-06-08 05:00:00,22.71,24.214996887215207
2024-06-08 06:00:00,22.796666666666667,24.400441702048262
2024-06-08 07:00:00,22.8625,24.603526266275125
2024-06-08 08:00:00,23.04083333333333,24.770618077435152
2024-06-08 09:00:00,23.18166666666667,24.9322991207329
2024-06-08 10:00:00,23.311249999999998,25.13877532196573
2024-06-08 11:00:00,23.429166666666667,25.17181249111799
2024-06-08 12:00:00,23.445833333333333,25.070097482344604
2024-06-08 13:00:00,23.454166666666666,25.050213388428276
2024-06-08 14:00:00,23.5,25.13091080518071
2024-06-08 15:00:00,23.549166666666665,25.150360660920505
2024-06-08 16:00:00,23.575,25.18444002689108
2024-06-08 17:00:00,23.54583333333333,25.02266287220186
2024-06-08 18:00:00,23.515833333333333,24.850119252453858
2024-06-08 19:00:00,23.38857142857143,24.59887273500607
2024-06-08 20:00:00,23.325833333333335,24.50406526014397
2024-06-08 21:00:00,23.2275,24.44382148176203
2024-06-08 22:00:00,23.225,24.41447857610502
2024-06-08 23:00:00,23.153750000000002,24.348210321149885
2024-06-09 00:00:00,23.1,24.15315837954857
2024-06-09 01:00:00,23.037499999999998,24.09380938149832
2024-06-09 02:00:00,23.038333333333334,24.06362945377085
2024-06-09 03:00:00,22.95416666666667,24.041510497280367
2024-06-09 04:00:00,22.90416666666667,24.035540948008503
2024-06-09 05:00:00,22.95,24.11219954109589
2024-06-09 06:00:00,22.9625,24.396809817926105
2024-06-09 07:00:00,23.055,24.554337591512912
2024-06-09 08:00:00,23.28,24.75769590308039
2024-06-09 09:00:00,23.454166666666666,24.936106735962454
2024-06-09 10:00:00,23.579166666666666,25.067794204263134
2024-06-09 11:00:00,23.6375,25.079172892242894
2024-06-09 12:00:00,23.575,25.0149613449859
2024-06-09 13:00:00,23.50166666666667,24.89842976230328
2024-06-09 14:00:00,23.5375,24.964353740167063
2024-06-09 15:00:00,23.5,24.925046439317704
2024-06-09 16:00:00,23.44166666666667,24.708885957224776
2024-06-09 17:00:00,23.439880952380953,24.59926030383442
2024-06-09 18:00:00,23.370833333333334,24.503205407425575
2024-06-09 19:00:00,23.275,24.353457048013112
2024-06-09 20:00:00,23.25,24.150890259471584
2024-06-09 21:00:00,23.158333333333335,24.131536817211604
2024-06-09 22:00:00,23.116666666666667,24.10755200461275
2024-06-09 23:00:00,23.060416666666665,24.04299232402561
2024-06-10 00:00:00,23.04583333333333,24.25941313277523
2024-06-10 01:00:00,22.94654761904762,24.489265782780215
2024-06-10 02:00:00,22.95125,24.602689283288424
2024-06-10 03:00:00,22.929166666666667,24.538407961736198
2024-06-10 04:00:00,22.834166666666665,24.410988143093448
2024-06-10 05:00:00,22.891666666666666,24.394433909846132
2024-06-10 06:00:00,23.107916666666668,23.59279277716887
2024-06-10 07:00:00,23.451458333333335,23.42289190929369
2024-06-10 08:00:00,23.835119047619045,23.366952040799035
2024-06-10 09:00:00,23.991666666666667,23.15200648271768
2024-06-10 10:00:00,23.963333333333335,23.30188915763188
2024-06-10 11:00:00,23.942500000000003,23.49796300034339
2024-06-10 12:00:00,23.9925,23.207773813172253
2024-06-10 13:00:00,24.229761904761904,23.10030840046378
2024-06-10 14:00:00,24.35,23.100680580265006
2024-06-10 15:00:00,24.28095238095238,22.950724157682448
2024-06-10 16:00:00,24.07107142857143,22.840632509307756
2024-06-10 17:00:00,23.825,22.893455444333988
2024-06-10 18:00:00,23.68625,22.66367009643964
2024-06-10 19:00:00,23.566666666666663,22.946003780093186
2024-06-10 20:00:00,23.4875,23.206011427071893
2024-06-10 21:00:00,23.4,23.655653067511636
2024-06-10 22:00:00,23.339166666666667,23.933280035390382
2024-06-10 23:00:00,23.258333333333333,24.211264908419935
2024-06-11 00:00:00,23.25,24.07253182968214
2024-06-11 01:00:00,23.225,24.051144248641414
2024-06-11 02:00:00,23.122500000000002,23.9719628701291
2024-06-11 03:00:00,23.079166666666666,23.92243997188355
2024-06-11 04:00:00,23.048333333333332,23.933294256756625
2024-06-11 05:00:00,23.064166666666665,24.009883683055442
2024-06-11 06:00:00,23.286250000000003,23.378777244802727
2024-06-11 07:00:00,23.499285714285712,23.192008526525193
2024-06-11 08:00:00,23.858333333333334,22.989973147762427
2024-06-11 09:00:00,23.95916666666667,22.623365259046842
2024-06-11 10:00:00,24.003333333333334,22.41169539770396
2024-06-11 11:00:00,23.740833333333335,22.656121382378522
2024-06-11 12:00:00,23.848333333333336,22.12917054755436
2024-06-11 13:00:00,24.0325,22.155996243266348
2024-06-11 14:00:00,24.0975,22.274060921677
2024-06-11 15:00:00,24.065,22.350521040865495
2024-06-11 16:00:00,24.058333333333334,22.171024206502878
2024-06-11 17:00:00,23.831666666666667,22.502602604336175
2024-06-11 18:00:00,23.695833333333333,22.466783556638738
2024-06-11 19:00:00,23.545833333333334,22.710055384179228
2024-06-11 20:00:00,23.470833333333335,22.952880584847886
2024-06-11 21:00:00,23.349999999999998,23.292713491540702
2024-06-11 22:00:00,23.26375,23.585638357593936
2024-06-11 23:00:00,23.15833333333333,23.831236425307917
2024-06-12 00:00:00,23.09583333333333,23.714211832480927
2024-06-12 01:00:00,23.058333333333334,23.627033513816237
2024-06-12 02:00:00,23.010714285714286,23.606268712088642
2024-06-12 03:00:00,22.975,23.591112598899162
2024-06-12 04:00:00,22.9025,23.530393203127012
2024-06-12 05:00:00,22.85,23.53408249900449
2024-06-12 06:00:00,23.0875,23.13856982241731
2024-06-12 07:00:00,23.258333333333333,22.79543639894939
2024-06-12 08:00:00,23.433333333333334,22.511569336449618
2024-06-12 09:00:00,23.481547619047618,22.35264956436921
2024-06-12 10:00:00,23.490833333333335,22.376174825691677
2024-06-12 11:00:00,23.549999999999997,22.871470219646703
2024-06-12 12:00:00,23.73916666666667,22.496808330607227
2024-06-12 13:00:00,23.90833333333333,22.471510379597838
2024-06-12 14:00:00,23.995714285714286,22.247541718237088
2024-06-12 15:00:00,24.089166666666667,22.26034440821295
2024-06-12 16:00:00,24.2075,22.09934883834986
2024-06-12 17:00:00,23.94,22.24326375520902
2024-06-12 18:00:00,23.707142857142856,22.057530915113453
2024-06-12 19:00:00,23.5125,22.35941412847341
2024-06-12 20:00:00,23.379166666666666,22.715743100022078
2024-06-12 21:00:00,23.251785714285717,23.12077380496516
2024-06-12 22:00:00,23.13083333333333,23.28290468258882
2024-06-12 23:00:00,23.064166666666665,23.446239679311418
2024-06-13 00:00:00,23.0,23.374592304599997
2024-06-13 01:00:00,22.924999999999997,23.38313759627806
2024-06-13 02:00:00,22.864166666666666,23.398037890758715
2024-06-13 03:00:00,22.85,23.39068226277769
2024-06-13 04:00:00,22.773333333333333,23.389611302241665
2024-06-13 05:00:00,22.739166666666666,23.383979862645468
2024-06-13 06:00:00,22.63511904761905,22.856165579080063
2024-06-13 07:00:00,22.679166666666667,22.69719823430527
2024-06-13 08:00:00,22.975,22.686325667802205
2024-06-13 09:00:00,23.207440476190477,22.508666147453066
2024-06-13 10:00:00,23.35875,22.290203484346847
2024-06-13 11:00:00,23.25,22.366383144984027
2024-06-13 12:00:00,23.354166666666664,22.11296403991314
2024-06-13 13:00:00,23.4525,22.1218861542269
2024-06-13 14:00:00,23.5125,22.170501030530666
2024-06-13 15:00:00,23.629166666666666,22.300096144909013
2024-06-13 16:00:00,23.666666666666664,22.13487379055393
2024-06-13 17:00:00,23.500833333333333,22.66550007479212
2024-06-13 18:00:00,23.345833333333335,22.750039599240168
2024-06-13 19:00:00,23.2475,22.806759566575796
2024-06-13 20:00:00,23.15833333333333,23.041438554784254
2024-06-13 21:00:00,23.074166666666663,23.5481506973364
2024-06-13 22:00:00,23.004166666666666,23.7490586537146
2024-06-13 23:00:00,22.95904761904762,24.078210146592824
2024-06-14 00:00:00,22.8875,23.932129590968806
2024-06-14 01:00:00,22.835,23.793034780424584
2024-06-14 02:00:00,22.83833333333333,23.773505666820313
2024-06-14 03:00:00,22.78125,23.72578014931009
2024-06-14 04:00:00,22.739166666666666,23.763930066741487
2024-06-14 05:00:00,22.7,23.854365336673087
2024-06-14 06:00:00,22.804166666666667,23.492559622340224
2024-06-14 07:00:00,23.05875,23.295939507868617
2024-06-14 08:00:00,23.22416666666667,22.96902386008057
2024-06-14 09:00:00,23.406666666666666,22.82089264540665
2024-06-14 10:00:00,23.4325,22.71112411612235
2024-06-14 11:00:00,23.270833333333332,22.756905422488774
2024-06-14 12:00:00,23.2625,22.401759408376208
2024-06-14 13:00:00,23.37083333333333,22.357927660783652
2024-06-14 14:00:00,23.4525,22.43911506660176
2024-06-14 15:00:00,23.51904761904762,22.381548260922116
2024-06-14 16:00:00,23.554166666666667,22.22771680178979
2024-06-14 17:00:00,23.454166666666666,22.58832847308232
2024-06-14 18:00:00,23.261666666666667,22.546014015687813
2024-06-14 19:00:00,23.202083333333334,22.906304927326524
2024-06-14 20:00:00,23.150833333333335,23.114235821502703
2024-06-14 21:00:00,23.048333333333332,23.599831889597933
2024-06-14 22:00:00,22.995833333333334,23.89856969046744
2024-06-14 23:00:00,22.92666666666667,24.211500143853677
2024-06-15 00:00:00,22.845833333333335,24.054559107854814
2024-06-15 01:00:00,22.851666666666667,24.063996727788094
2024-06-15 02:00:00,22.82,24.012665965674525
2024-06-15 03:00:00,22.754166666666666,24.00929109890869
2024-06-15 04:00:00,22.766666666666666,23.940798019542918
2024-06-15 05:00:00,22.7125,23.979498920601547
2024-06-15 06:00:00,22.659166666666668,24.003131975428893
2024-06-15 07:00:00,22.664285714285715,24.145914970468095
2024-06-15 08:00:00,22.6475,24.17315767449709
2024-06-15 09:00:00,22.65,24.273155343328405
2024-06-15 10:00:00,22.648333333333333,24.262633540988958
2024-06-15 11:00:00,22.6325,24.283240326769352
2024-06-15 12:00:00,22.580000000000002,24.366463122163353
2024-06-15 13:00:00,22.55833333333333,24.445668678361898
2024-06-15 14:00:00,22.544642857142854,24.509256264965522
2024-06-15 15:00:00,22.571785714285713,24.54279122495538
2024-06-15 16:00:00,22.552142857142854,24.510248360829273
2024-06-15 17:00:00,22.5475,24.487998523123043
2024-06-15 18:00:00,22.525,24.471469104137153
2024-06-15 19:00:00,22.483333333333334,24.33521372778534
2024-06-15 20:00:00,22.460833333333333,24.248795586733145
2024-06-15 21:00:00,22.454166666666666,24.14106323726465
2024-06-15 22:00:00,22.45,24.14160656520689
2024-06-15 23:00:00,22.450000000000003,24.162133803414385
2024-06-16 00:00:00,22.375,24.046304292244933
2024-06-16 01:00:00,22.35,23.92928583497609
2024-06-16 02:00:00,22.349285714285713,23.91664868409909
2024-06-16 03:00:00,22.339166666666664,23.87593342603332
2024-06-16 04:00:00,22.32,23.883307997082905
2024-06-16 05:00:00,22.266666666666666,23.98305559365815
2024-06-16 06:00:00,22.269166666666667,24.137052680096527
2024-06-16 07:00:00,22.309166666666666,24.41468077514135
2024-06-16 08:00:00,22.5475,24.631004693025158
2024-06-16 09:00:00,22.6925,24.800675593138546
2024-06-16 10:00:00,22.79,24.95107389226591
2024-06-16 11:00:00,22.85238095238095,25.028471608003922
2024-06-16 12:00:00,22.88875,25.057680528405896
2024-06-16 13:00:00,22.9375,25.1313041290285
2024-06-16 14:00:00,22.950000000000003,25.204528736319794
2024-06-16 15:00:00,22.964166666666667,25.199647367704713
2024-06-16 16:00:00,22.951666666666668,25.245769095746
2024-06-16 17:00:00,22.947499999999998,25.157374086738784
2024-06-16 18:00:00,22.952380952380953,24.947002930166708
2024-06-16 19:00:00,22.858333333333334,24.789089438444538
2024-06-16 20:00:00,22.778333333333332,24.60120422424398
2024-06-16 21:00:00,22.700000000000003,24.521474188503667
2024-06-16 22:00:00,22.6475,24.3781250050425
2024-06-16 23:00:00,22.625,24.299858579772504
2024-06-17 00:00:00,22.549999999999997,24.494643800027262
2024-06-17 01:00:00,22.55,24.787332101566065
2024-06-17 02:00:00,22.4875,24.902888423601205
2024-06-17 03:00:00,22.46011904761905,24.922536915350207
2024-06-17 04:00:00,22.45,24.811260793813346
2024-06-17 05:00:00,22.46666666666667,24.827599264391168
2024-06-17 06:00:00,22.774166666666666,24.344388720153688
2024-06-17 07:00:00,23.3275,24.18105338157592
2024-06-17 08:00:00,23.601785714285715,23.939071328724715
2024-06-17 09:00:00,23.705833333333334,23.73840221897239
2024-06-17 10:00:00,23.740833333333335,23.754167587469915
2024-06-17 11:00:00,23.649166666666666,23.95516468396206
2024-06-17 12:00:00,23.73,23.571433848773843
2024-06-17 13:00:00,23.90208333333333,23.581063693708927
2024-06-17 14:00:00,23.9125,23.426734925098472
2024-06-17 15:00:00,24.035416666666666,23.688360971458533
2024-06-17 16:00:00,24.205833333333334,23.610755886257067
2024-06-17 17:00:00,24.097500000000004,23.897104664493895
2024-06-17 18:00:00,23.875,23.704650951754047
2024-06-17 19:00:00,23.795,23.90795639707452
2024-06-17 20:00:00,23.699166666666667,24.06251979770674
2024-06-17 21:00:00,23.6,24.429564243541144
2024-06-17 22:00:00,23.554166666666667,24.69210432206131
2024-06-17 23:00:00,23.439583333333335,24.851599553651035
2024-06-18 00:00:00,23.39333333333333,24.729792865838256
2024-06-18 01:00:00,23.325000000000003,24.63817918015291
2024-06-18 02:00:00,23.2675,24.6068752223797
2024-06-18 03:00:00,23.22797619047619,24.48937789914735
2024-06-18 04:00:00,23.171666666666667,24.444993322379755
2024-06-18 05:00:00,23.2525,24.627805147514884
2024-06-18 06:00:00,23.37517857142857,24.397818143002613
2024-06-18 07:00:00,23.93875,24.387149266114633
2024-06-18 08:00:00,24.262976190476188,24.2143749308509
2024-06-18 09:00:00,24.479166666666668,24.052767391176054
2024-06-18 10:00:00,24.46625,24.089753224592627
2024-06-18 11:00:00,24.3875,24.324318248893178
2024-06-18 12:00:00,24.454166666666666,23.904079686109718
2024-06-18 13:00:00,24.525,23.406457251553952
2024-06-18 14:00:00,24.5,23.569168846871207
2024-06-18 15:00:00,24.593452380952378,23.95449328103532
2024-06-18 16:00:00,24.556666666666665,23.321315303323846
2024-06-18 17:00:00,24.29375,23.614768762176865
2024-06-18 18:00:00,24.11,23.458698374147957
2024-06-18 19:00:00,23.891666666666666,23.55473669389015
2024-06-18 20:00:00,23.725,23.760887471802715
2024-06-18 21:00:00,23.555833333333332,24.26937140053797
2024-06-18 22:00:00,23.42625,24.465741762239084
2024-06-18 23:00:00,23.2875,24.743838740111357
2024-06-19 00:00:00,23.229166666666664,24.620141408139368
2024-06-19 01:00:00,23.255833333333335,24.593132327114056
2024-06-19 02:00:00,23.179166666666667,24.70006135516667
2024-06-19 03:00:00,23.2175,24.872334084193785
2024-06-19 04:00:00,23.248333333333335,24.842611957903834
2024-06-19 05:00:00,23.29083333333333,24.958258818422962
2024-06-19 06:00:00,23.588333333333335,24.9134737850477
2024-06-19 07:00:00,24.14375,24.68654192524859
2024-06-19 08:00:00,24.495535714285715,24.22659375091029
2024-06-19 09:00:00,24.5875,23.855299640844237
2024-06-19 10:00:00,24.558333333333334,23.894195450064093
2024-06-19 11:00:00,24.455208333333335,24.14818785817237
2024-06-19 12:00:00,24.525,23.795728672967066
2024-06-19 13:00:00,24.621875,23.636544975923947
2024-06-19 14:00:00,24.632083333333334,23.75921727470551
2024-06-19 15:00:00,24.783333333333335,24.097588443547018
2024-06-19 16:00:00,24.900000000000002,23.94011386564572
2024-06-19 17:00:00,24.775,24.308497184183565
2024-06-19 18:00:00,24.690833333333334,24.232814104426076
2024-06-19 19:00:00,24.6075,24.400441912556076
2024-06-19 20:00:00,24.5475,24.569891048562248
2024-06-19 21:00:00,24.475,24.987231322129194
2024-06-19 22:00:00,24.45416666666667,25.246228192404097
2024-06-19 23:00:00,24.3925,25.43299677156856
2024-06-20 00:00:00,24.3525,25.31322124120208
2024-06-20 01:00:00,24.31,25.247815437012655
2024-06-20 02:00:00,24.2625,25.20563862529543
2024-06-20 03:00:00,24.25,25.22565574971896
2024-06-20 04:00:00,24.228214285714284,25.2410857633136
2024-06-20 05:00:00,24.225,25.357835290843045
2024-06-20 06:00:00,24.28333333333333,24.666868345524037
2024-06-20 07:00:00,24.641666666666666,24.375781352040903
2024-06-20 08:00:00,24.753333333333334,24.045574543532663
2024-06-20 09:00:00,24.778125,23.7527122400899
2024-06-20 10:00:00,24.7875,23.703514335634015
2024-06-20 11:00:00,24.65416666666667,23.8365590782494
2024-06-20 12:00:00,24.54583333333333,23.28769925483433
2024-06-20 13:00:00,24.645833333333336,23.354334740039747
2024-06-20 14:00:00,24.658333333333335,23.663001634737142
2024-06-20 15:00:00,24.867857142857144,24.0693726743092
2024-06-20 16:00:00,24.9875,23.921174965175634
2024-06-20 17:00:00,24.903750000000002,24.13550186570393
2024-06-20 18:00:00,24.830952380952382,24.13299158986392
2024-06-20 19:00:00,24.759999999999998,24.36857645264093
2024-06-20 20:00:00,24.691666666666666,24.588013144688492
2024-06-20 21:00:00,24.6525,25.046525339653282
2024-06-20 22:00:00,24.60333333333333,25.13503710938305
2024-06-20 23:00:00,24.570595238095237,25.428032416679102
2024-06-21 00:00:00,24.541666666666664,25.307452159632398
2024-06-21 01:00:00,24.475,25.249729416699346
2024-06-21 02:00:00,24.4625,25.26032872913025
2024-06-21 03:00:00,24.425,25.29612675181791
2024-06-21 04:00:00,24.445833333333333,25.328523413563254
2024-06-21 05:00:00,24.4125,25.08105420469363
2024-06-21 06:00:00,24.5125,24.413617698947945
2024-06-21 07:00:00,24.65625,24.14925050339898
2024-06-21 08:00:00,24.740000000000002,23.638573975763528
2024-06-21 09:00:00,24.748958333333334,23.476556313472337
2024-06-21 10:00:00,24.8975,23.34139816936085
2024-06-21 11:00:00,24.729166666666664,23.620555535985226
2024-06-21 12:00:00,24.764166666666668,23.22940508314673
2024-06-21 13:00:00,24.849999999999998,23.173140667207
2024-06-21 14:00:00,24.915,23.151355098045578
2024-06-21 15:00:00,25.079166666666666,23.704776396257568
2024-06-21 16:00:00,25.206666666666667,23.419329094535648
2024-06-21 17:00:00,25.185,23.72652695008324
2024-06-21 18:00:00,24.94708333333333,23.535139819630615
2024-06-21 19:00:00,24.7875,23.517918960363524
2024-06-21 20:00:00,24.665,23.7157957173808
2024-06-21 21:00:00,24.650555555555556,24.17427334939599
2024-06-21 22:00:00,24.54583333333333,24.376682735469053
2024-06-21 23:00:00,24.520833333333332,24.705326011364175
2024-06-22 00:00:00,24.4475,24.608135423371763
2024-06-22 01:00:00,24.39666666666667,24.540131292357877
2024-06-22 02:00:00,24.3475,24.53977481200772
2024-06-22 03:00:00,24.2875,24.386985649831434
2024-06-22 04:00:00,24.2475,24.342890238828264
2024-06-22 05:00:00,24.314880952380953,24.469186769979544
2024-06-22 06:00:00,24.689166666666665,24.854765712562486
2024-06-22 07:00:00,25.110119047619047,25.12494647934693
2024-06-22 08:00:00,25.2875,25.42367726661081
2024-06-22 09:00:00,25.29375,25.728395911269207
2024-06-22 10:00:00,25.261666666666667,25.88363790890243
2024-06-22 11:00:00,25.240625,25.962434819148132
2024-06-22 12:00:00,25.251785714285717,26.069882780230074
2024-06-22 13:00:00,25.2475,26.09591335042432
2024-06-22 14:00:00,25.266666666666666,26.1215813041727
2024-06-22 15:00:00,25.3,26.07466352807394
2024-06-22 16:00:00,25.325000000000003,25.885619760918715
2024-06-22 17:00:00,25.348333333333333,25.69979147426507
2024-06-22 18:00:00,25.2725,25.347647486758127
2024-06-22 19:00:00,25.177500000000002,25.056595909987493
2024-06-22 20:00:00,25.115,25.046772355982963
2024-06-22 21:00:00,25.033333333333335,24.92538824467142
2024-06-22 22:00:00,24.95,24.816233892686355
2024-06-22 23:00:00,24.837500000000002,24.63536100179683
2024-06-23 00:00:00,24.760714285714286,24.37096257028766
2024-06-23 01:00:00,24.69166666666667,24.199553982023936
2024-06-23 02:00:00,24.585,24.17567666908694
2024-06-23 03:00:00,24.523333333333333,24.17481800569428
2024-06-23 04:00:00,24.45,24.22573366324024
2024-06-23 05:00:00,24.449166666666667,24.226774294131246
2024-06-23 06:00:00,24.37,24.266505372062973
2024-06-23 07:00:00,24.345,24.304306968985905
2024-06-23 08:00:00,24.3375,24.33850249261119
2024-06-23 09:00:00,24.244166666666665,24.404454559389045
2024-06-23 10:00:00,24.2325,24.39464426106975
2024-06-23 11:00:00,24.2125,24.45455609574212
2024-06-23 12:00:00,24.170833333333334,24.553449479823335
2024-06-23 13:00:00,24.164166666666667,24.5925280202579
2024-06-23 14:00:00,24.15875,24.66232515555408
2024-06-23 15:00:00,24.143452380952382,24.753516949145578
2024-06-23 16:00:00,24.145714285714284,24.762328715109994
2024-06-23 17:00:00,24.125535714285714,24.755603351337367
2024-06-23 18:00:00,24.061666666666667,24.673710284991863
2024-06-23 19:00:00,24.058333333333334,24.639433410120958
2024-06-23 20:00:00,24.044166666666666,24.622686476745073
2024-06-23 21:00:00,24.041666666666664,24.64539780126602
2024-06-23 22:00:00,23.981250000000003,24.668744118420463
2024-06-23 23:00:00,23.933333333333334,24.68044623216363
2024-06-24 00:00:00,23.93,24.907406341382874
2024-06-24 01:00:00,23.831666666666663,25.169148970955327
2024-06-24 02:00:00,23.83125,25.3370234974451
2024-06-24 03:00:00,23.765,25.35963828213652
2024-06-24 04:00:00,23.751666666666665,25.3151086031276
2024-06-24 05:00:00,23.743333333333332,25.29079141609246
2024-06-24 06:00:00,23.77166666666667,24.516566972277694
2024-06-24 07:00:00,23.891666666666666,24.466418266117152
2024-06-24 08:00:00,23.957500000000003,24.041681457094455
2024-06-24 09:00:00,24.01875,23.681499274178016
2024-06-24 10:00:00,23.975,23.310697133146114
2024-06-24 11:00:00,23.791666666666668,23.522283540741608
2024-06-24 12:00:00,23.802083333333332,23.308241012952365
2024-06-24 13:00:00,23.916428571428572,23.19435890635387
2024-06-24 14:00:00,23.9375,23.33960294965194
2024-06-24 15:00:00,24.145833333333332,23.677413061047545
2024-06-24 16:00:00,24.275,23.52179993501192
2024-06-24 17:00:00,24.183333333333334,23.901045560023775
2024-06-24 18:00:00,24.075,23.720987852816997
2024-06-24 19:00:00,24.008333333333333,23.91668772744749
2024-06-24 20:00:00,23.944166666666668,24.198774196103237
2024-06-24 21:00:00,23.837500000000002,24.624737934412245
2024-06-24 22:00:00,23.868630952380954,24.875607163516428
2024-06-24 23:00:00,23.84,25.16735425768784
2024-06-25 00:00:00,23.773214285714285,25.0107834857603
2024-06-25 01:00:00,23.748333333333335,25.023414738919534
2024-06-25 02:00:00,23.7375,24.89218034078918
2024-06-25 03:00:00,23.695833333333333,24.850158192493588
2024-06-25 04:00:00,23.64107142857143,24.912640084198735
2024-06-25 05:00:00,23.651666666666667,24.94255771078062
2024-06-25 06:00:00,23.71607142857143,24.519449236987015
2024-06-25 07:00:00,23.826666666666668,24.23475887791903
2024-06-25 08:00:00,23.883333333333333,23.809616742122437
2024-06-25 09:00:00,23.997500000000002,23.618120539509594
2024-06-25 10:00:00,23.825,23.267345017204427
2024-06-25 11:00:00,23.65,23.421040865464434
2024-06-25 12:00:00,23.665,23.070503962790347
2024-06-25 13:00:00,23.795357142857142,23.26170726684297
2024-06-25 14:00:00,23.918333333333337,23.13608976421012
2024-06-25 15:00:00,23.96011904761905,23.066569884012154
2024-06-25 16:00:00,24.013333333333335,23.070325820129348
2024-06-25 17:00:00,23.895,23.426863463035964
2024-06-25 18:00:00,23.804166666666667,23.518785500692328
2024-06-25 19:00:00,23.7475,23.9022102794691
2024-06-25 20:00:00,23.6875,24.154914278867455
2024-06-25 21:00:00,23.6625,24.584321043860662
2024-06-25 22:00:00,23.59166666666667,24.8448358281292
2024-06-25 23:00:00,23.55,25.0351929888839
2024-06-26 00:00:00,23.572142857142858,24.854869135205746
2024-06-26 01:00:00,23.504166666666666,24.815011944907823
2024-06-26 02:00:00,23.48059523809524,24.83179051007361
2024-06-26 03:00:00,23.458333333333336,24.844779751856237
2024-06-26 04:00:00,23.433333333333334,24.89807423393678
2024-06-26 05:00:00,23.39666666666667,24.894036444855786
2024-06-26 06:00:00,23.458333333333332,24.450224986055098
2024-06-26 07:00:00,23.671666666666667,24.254307420284796
2024-06-26 08:00:00,23.979166666666664,23.896495185714375
2024-06-26 09:00:00,24.0625,23.488918069338304
2024-06-26 10:00:00,23.992857142857144,23.53754718297626
2024-06-26 11:00:00,23.820714285714285,23.795560010814512
2024-06-26 12:00:00,23.911964285714287,23.43662985597392
2024-06-26 13:00:00,24.108541666666667,23.194859179915206
2024-06-26 14:00:00,24.04654761904762,23.464274088807606
2024-06-26 15:00:00,24.179166666666667,23.76126343624051
2024-06-26 16:00:00,24.2675,23.639189005390946
2024-06-26 17:00:00,24.104166666666664,23.9510502891018
2024-06-26 18:00:00,23.968333333333334,23.947764981879093
2024-06-26 19:00:00,23.888749999999998,24.064188000730677
2024-06-26 20:00:00,23.849285714285713,24.354343293263618
2024-06-26 21:00:00,23.795,24.718359450057505
2024-06-26 22:00:00,23.748333333333335,24.944518048707863
2024-06-26 23:00:00,23.683333333333334,25.220088986839805
2024-06-27 00:00:00,23.636785714285715,24.98683943703213
2024-06-27 01:00:00,23.62,24.979548980962022
2024-06-27 02:00:00,23.537499999999998,24.95500877220842
2024-06-27 03:00:00,23.545833333333334,24.960691849898268
2024-06-27 04:00:00,23.508333333333333,24.97822238313347
2024-06-27 05:00:00,23.57,25.14509770306426
2024-06-27 06:00:00,23.8175,24.623662857620623
2024-06-27 07:00:00,24.142500000000002,24.28760957966914
2024-06-27 08:00:00,24.323333333333334,24.031400510675308
2024-06-27 09:00:00,24.409166666666664,23.845068403105383
2024-06-27 10:00:00,24.383333333333333,23.781527798736157
2024-06-27 11:00:00,24.254166666666666,24.162245040763494
2024-06-27 12:00:00,24.302083333333332,23.76988934937191
2024-06-27 13:00:00,24.418333333333333,23.757636133306846
2024-06-27 14:00:00,24.370833333333334,23.978042713219246
2024-06-27 15:00:00,24.624642857142856,24.389085574043868
2024-06-27 16:00:00,24.820833333333333,24.32870148131692
2024-06-27 17:00:00,24.66,24.669002496603888
2024-06-27 18:00:00,24.535416666666666,24.470862440313713
2024-06-27 19:00:00,24.470833333333335,24.62672609916001
2024-06-27 20:00:00,24.3725,24.907459695367535
2024-06-27 21:00:00,24.3425,25.317374274650497
2024-06-27 22:00:00,24.256547619047616,25.50550573478163
2024-06-27 23:00:00,24.221666666666664,25.73585603962197
2024-06-28 00:00:00,24.1525,25.57883502889753
2024-06-28 01:00:00,24.126785714285713,25.557753080404453
2024-06-28 02:00:00,24.0975,25.43600292375433
2024-06-28 03:00:00,24.055833333333332,25.453959152504943
2024-06-28 04:00:00,24.052500000000002,25.326255563711634
2024-06-28 05:00:00,24.026666666666667,25.18641592262426
2024-06-28 06:00:00,24.1675,24.7819173750332
2024-06-28 07:00:00,24.6675,24.66001765514103
2024-06-28 08:00:00,24.943571428571428,24.27790903899908
2024-06-28 09:00:00,24.925833333333333,24.11959736586423
2024-06-28 10:00:00,24.882083333333334,24.173619074861328
2024-06-28 11:00:00,24.715,24.491012511356665
2024-06-28 12:00:00,24.929166666666667,24.575268926319684
2024-06-28 13:00:00,25.15,24.066457334302754
2024-06-28 14:00:00,25.2125,24.21241397654411
2024-06-28 15:00:00,25.36,24.532364571226715
2024-06-28 16:00:00,25.517083333333332,24.444166205184
2024-06-28 17:00:00,25.432976190476193,24.72045034026379
2024-06-28 18:00:00,25.2875,24.69451617113433
2024-06-28 19:00:00,25.233333333333334,24.907500059109996
2024-06-28 20:00:00,25.13125,25.12469888897938
2024-06-28 21:00:00,25.049999999999997,25.602495683332634
2024-06-28 22:00:00,25.02,25.758514421904618
2024-06-28 23:00:00,24.9725,26.009711501458327
2024-06-29 00:00:00,24.870833333333334,25.86198782534749
2024-06-29 01:00:00,24.84833333333333,25.856225068450268
2024-06-29 02:00:00,24.8225,25.81647652621089
2024-06-29 03:00:00,24.795,25.756808910935028
2024-06-29 04:00:00,24.759999999999998,25.769680708000894
2024-06-29 05:00:00,24.771428571428572,25.90388729747654
2024-06-29 06:00:00,24.875833333333333,26.085166616592304
2024-06-29 07:00:00,25.18,26.207919336965517
2024-06-29 08:00:00,25.502499999999998,26.51540422400204
2024-06-29 09:00:00,25.7125,26.716623289865957
2024-06-29 10:00:00,25.763214285714287,26.788263836102004
2024-06-29 11:00:00,25.82559523809524,26.931890627190988
2024-06-29 12:00:00,25.860416666666666,26.945848348451044
2024-06-29 13:00:00,25.837500000000002,26.901705799308417
2024-06-29 14:00:00,25.8625,26.82136944919469
2024-06-29 15:00:00,25.83875,26.73767043842731
2024-06-29 16:00:00,25.815,26.592578683177436
2024-06-29 17:00:00,25.6825,26.423796126759783
2024-06-29 18:00:00,25.6475,26.28978712953789
2024-06-29 19:00:00,25.645000000000003,26.36774808217755
2024-06-29 20:00:00,25.555,26.009942616565297
2024-06-29 21:00:00,25.491666666666667,26.00827619200539
2024-06-29 22:00:00,25.444166666666668,25.976025154350353
2024-06-29 23:00:00,25.385,25.913482012548794
2024-06-30 00:00:00,25.335,25.727238096765294
2024-06-30 01:00:00,25.35,25.680343116008817
2024-06-30 02:00:00,25.261666666666667,25.634486607199
2024-06-30 03:00:00,25.248214285714283,25.568063634015544
2024-06-30 04:00:00,25.251666666666665,25.628616738714022
2024-06-30 05:00:00,25.242916666666666,25.690768340794392
2024-06-30 06:00:00,25.2375,25.89394120999162
2024-06-30 07:00:00,25.345833333333335,26.075516138391087
2024-06-30 08:00:00,25.4625,26.164859482864156
2024-06-30 09:00:00,25.616666666666664,26.218736431069956
2024-06-30 10:00:00,25.745833333333334,26.283945275291103
2024-06-30 11:00:00,25.813333333333336,26.422920879750638
2024-06-30 12:00:00,25.926785714285714,26.436429917767782
2024-06-30 13:00:00,25.958333333333336,26.458249320756785
2024-06-30 14:00:00,25.953125,26.524890343765634
2024-06-30 15:00:00,25.964166666666667,26.60537376292418
2024-06-30 16:00:00,25.9625,26.49532984483163
2024-06-30 17:00:00,25.995,26.405950423404033
2024-06-30 18:00:00,25.9475,26.209668929254974
2024-06-30 19:00:00,25.872500000000002,25.982151277201076
2024-06-30 20:00:00,25.771785714285713,25.881801474929077
2024-06-30 21:00:00,25.680833333333336,25.828086284487455
2024-06-30 22:00:00,25.641666666666666,25.71037927094536
2024-06-30 23:00:00,25.583333333333332,25.663369473076163
2024-07-01 00:00:00,25.55,25.837152614339256
2024-07-01 01:00:00,25.451666666666668,26.063418194810687
2024-07-01 02:00:00,25.43345238095238,26.214111120839192
2024-07-01 03:00:00,25.385833333333334,26.239845582575928
2024-07-01 04:00:00,25.35625,26.155970466916596
2024-07-01 05:00:00,25.20625,25.75588633532343
2024-07-01 06:00:00,24.7125,24.81080041173124
2024-07-01 07:00:00,24.7875,24.54970931845183
2024-07-01 08:00:00,25.210714285714285,24.30921417295876
2024-07-01 09:00:00,25.41875,24.093882847608327
2024-07-01 10:00:00,25.49494047619048,23.735155124750086
2024-07-01 11:00:00,25.4425,23.796248707436405
2024-07-01 12:00:00,25.396250000000002,23.2951664282974
2024-07-01 13:00:00,23.984166666666667,22.837197571187065
2024-07-01 14:00:00,24.49666666666667,23.60555966395105
2024-07-01 15:00:00,24.974999999999998,23.60384042745117
2024-07-01 16:00:00,25.358333333333334,23.794113763341883
2024-07-01 17:00:00,25.3475,24.17997344642409
2024-07-01 18:00:00,25.281666666666666,24.221861583962387
2024-07-01 19:00:00,25.197499999999998,24.591034392900742
2024-07-01 20:00:00,25.161666666666665,24.71105053407184
2024-07-01 21:00:00,25.141071428571426,25.090861042063878
2024-07-01 22:00:00,25.045833333333334,25.327513361952
2024-07-01 23:00:00,25.04,25.513559928035455
2024-07-02 00:00:00,24.958333333333336,25.315735088352387
2024-07-02 01:00:00,24.9475,25.159767659606047
2024-07-02 02:00:00,24.8575,25.122174757441858
2024-07-02 03:00:00,24.85,25.041654755679026
2024-07-02 04:00:00,24.7325,24.982146652866888
2024-07-02 05:00:00,24.62,24.69455510618932
2024-07-02 06:00:00,23.78875,23.878274653069376
2024-07-02 07:00:00,23.784285714285716,24.09840861382036
2024-07-02 08:00:00,24.454375,24.359061803361577
2024-07-02 09:00:00,24.932142857142857,24.163876659669672
2024-07-02 10:00:00,25.039583333333333,24.216091710787687
2024-07-02 11:00:00,25.0225,24.41230092042696
2024-07-02 12:00:00,25.08416666666667,24.032026269159125
2024-07-02 13:00:00,25.132142857142856,23.894162504776006
2024-07-02 14:00:00,25.137500000000003,23.95458092764882
2024-07-02 15:00:00,25.304166666666667,24.200498323591795
2024-07-02 16:00:00,25.357499999999998,24.123597013607686
2024-07-02 17:00:00,25.283333333333335,24.30705478303902
2024-07-02 18:00:00,25.2,24.393635090373408
2024-07-02 19:00:00,25.1375,24.490573069677453
2024-07-02 20:00:00,25.0475,24.63954228003336
2024-07-02 21:00:00,25.02,25.1917898157539
2024-07-02 22:00:00,24.914583333333333,25.340757018180355
2024-07-02 23:00:00,24.862499999999997,25.50369610020526
2024-07-03 00:00:00,24.841666666666665,25.255689007317862
2024-07-03 01:00:00,24.7625,25.262473089353797
2024-07-03 02:00:00,24.7125,25.21937508307272
2024-07-03 03:00:00,24.670833333333334,25.23975730284905
2024-07-03 04:00:00,24.662083333333335,25.237071119693162
2024-07-03 05:00:00,24.452083333333334,24.777432792874535
2024-07-03 06:00:00,23.763571428571428,24.23367699798689
2024-07-03 07:00:00,23.842380952380953,23.90332521275468
2024-07-03 08:00:00,23.785,23.552474512243155
2024-07-03 09:00:00,23.713541666666664,23.13239731434859
2024-07-03 10:00:00,23.52,23.174778088758593
2024-07-03 11:00:00,23.745714285714286,23.56214908817463
2024-07-03 12:00:00,24.116666666666667,23.068767109117097
2024-07-03 13:00:00,24.3025,23.0290589688968
2024-07-03 14:00:00,24.352857142857143,23.14796919289292
2024-07-03 15:00:00,24.470416666666665,23.460555419813673
2024-07-03 16:00:00,24.561666666666664,23.38711008287656
2024-07-03 17:00:00,24.504166666666666,23.719278253935904
2024-07-03 18:00:00,24.4225,23.713707035246443
2024-07-03 19:00:00,24.4375,24.164437025681444
2024-07-03 20:00:00,24.3725,24.53197259190248
2024-07-03 21:00:00,24.337500000000002,24.822724505169383
2024-07-03 22:00:00,24.3125,25.006184887165734
2024-07-03 23:00:00,24.25,25.278767279513662
2024-07-04 00:00:00,24.2475,25.077814034110922
2024-07-04 01:00:00,24.175,25.041164917451084
2024-07-04 02:00:00,24.116666666666667,24.96347818460452
2024-07-04 03:00:00,24.048333333333332,24.921290451697253
2024-07-04 04:00:00,24.043333333333333,24.823719966382697
2024-07-04 05:00:00,24.020416666666666,24.712836047052427
2024-07-04 06:00:00,23.82,24.1818089498998
2024-07-04 07:00:00,24.036458333333332,24.134915170532622
2024-07-04 08:00:00,24.474285714285713,24.026358306698683
2024-07-04 09:00:00,24.545833333333334,23.884950231229475
2024-07-04 10:00:00,24.46964285714286,23.74589895543788
2024-07-04 11:00:00,24.445833333333333,24.141360873094936
2024-07-04 12:00:00,24.445833333333333,23.783335362310392
2024-07-04 13:00:00,24.479166666666668,23.777601657035625
2024-07-04 14:00:00,24.46666666666667,23.833367575106998
2024-07-04 15:00:00,24.671785714285715,24.21925416389591
2024-07-04 16:00:00,24.9675,24.05061969841646
2024-07-04 17:00:00,24.958333333333332,24.362153999851678
2024-07-04 18:00:00,24.791666666666668,24.326615426932833
2024-07-04 19:00:00,24.680714285714284,24.51016234918754
2024-07-04 20:00:00,24.625,24.756173799082006
2024-07-04 21:00:00,24.545833333333334,25.21110606626258
2024-07-04 22:00:00,24.391666666666666,25.094074106517738
2024-07-04 23:00:00,24.233333333333334,25.44045687816562
2024-07-05 00:00:00,24.133333333333333,25.394197994760496
2024-07-05 01:00:00,24.1525,25.385631704504235
2024-07-05 02:00:00,24.167142857142856,25.341382490069456
2024-07-05 03:00:00,24.179523809523808,25.300916737869255
2024-07-05 04:00:00,24.14625,25.429215725653272
2024-07-05 05:00:00,24.125,25.26885496159015
2024-07-05 06:00:00,24.22083333333333,24.640761055382672
2024-07-05 07:00:00,24.51125,24.403590425821918
2024-07-05 08:00:00,24.65,24.272691524479256
2024-07-05 09:00:00,24.935833333333335,24.179459143107565
2024-07-05 10:00:00,24.925,24.161773318235852
2024-07-05 11:00:00,24.8375,24.411238985379434
2024-07-05 12:00:00,24.816666666666666,23.963593039226346
2024-07-05 13:00:00,24.970833333333335,24.00340692659435
2024-07-05 14:00:00,24.99047619047619,24.07683306961522
2024-07-05 15:00:00,25.155952380952378,24.45178116211479
2024-07-05 16:00:00,25.38625,24.405411328531265
2024-07-05 17:00:00,25.265,24.83306575576163
2024-07-05 18:00:00,25.1575,24.58817428303019
2024-07-05 19:00:00,25.093333333333334,24.84323211211848
2024-07-05 20:00:00,25.004166666666666,25.042034361354347
2024-07-05 21:00:00,24.8975,25.562932260449184
2024-07-05 22:00:00,24.836309523809526,25.7026298146799
2024-07-05 23:00:00,24.792142857142856,26.0502617754053
2024-07-06 00:00:00,24.7425,25.886490973534656
2024-07-06 01:00:00,24.74125,25.805586036006325
2024-07-06 02:00:00,24.725,25.80448187687285
2024-07-06 03:00:00,24.662499999999998,25.862633635960023
2024-07-06 04:00:00,24.651666666666667,25.833643251443867
2024-07-06 05:00:00,24.646250000000002,25.874662442639526
2024-07-06 06:00:00,24.6675,25.921125125732125
2024-07-06 07:00:00,24.857499999999998,26.04024573651659
2024-07-06 08:00:00,25.23333333333333,26.29151185636163
2024-07-06 09:00:00,25.51904761904762,26.351487309524202
2024-07-06 10:00:00,25.58125,26.607675932425657
2024-07-06 11:00:00,25.650892857142857,26.760991873096913
2024-07-06 12:00:00,25.6875,26.817675801170836
2024-07-06 13:00:00,25.6175,26.63964979132718
2024-07-06 14:00:00,25.605833333333333,26.75018860307187
2024-07-06 15:00:00,25.612499999999997,26.673840074483312
2024-07-06 16:00:00,25.544999999999998,26.537892090177348
2024-07-06 17:00:00,25.4625,26.364174541770677
2024-07-06 18:00:00,25.446666666666665,26.190100039085237
2024-07-06 19:00:00,25.34642857142857,26.057423686456524
2024-07-06 20:00:00,25.35,25.96989012475766
2024-07-06 21:00:00,25.270833333333336,25.973788426045203
2024-07-06 22:00:00,25.238333333333333,25.900333730776897
2024-07-06 23:00:00,25.2,25.989196539611182
2024-07-07 00:00:00,25.15,25.870756016156218
2024-07-07 01:00:00,25.136785714285715,25.847660544546905
2024-07-07 02:00:00,25.135,25.79252611483809
2024-07-07 03:00:00,25.044047619047618,25.764150239455134
2024-07-07 04:00:00,25.0525,25.760108888657626
2024-07-07 05:00:00,25.0475,25.79828231961904
2024-07-07 06:00:00,25.083333333333332,25.943884147007
2024-07-07 07:00:00,25.15833333333333,26.019575652402175
2024-07-07 08:00:00,25.174999999999997,26.03241599237562
2024-07-07 09:00:00,25.216517857142858,26.088954792985724
2024-07-07 10:00:00,25.3,26.326077530913757
2024-07-07 11:00:00,25.3825,26.358267202076142
2024-07-07 12:00:00,25.40916666666667,26.274129652764756
2024-07-07 13:00:00,25.438333333333333,26.426749214048975
2024-07-07 14:00:00,25.44571428571429,26.469200390756413
2024-07-07 15:00:00,25.425000000000004,26.40482759724081
2024-07-07 16:00:00,25.368333333333332,26.238736906429928
2024-07-07 17:00:00,25.3125,26.209802598747785
2024-07-07 18:00:00,25.3125,26.219650816200282
2024-07-07 19:00:00,25.2625,26.122073450842027
2024-07-07 20:00:00,25.2475,25.993298635540473
2024-07-07 21:00:00,25.2375,25.966388071011735
2024-07-07 22:00:00,25.115000000000002,25.836644188555404
2024-07-07 23:00:00,25.141666666666666,25.80502551752417
2024-07-08 00:00:00,25.037499999999998,25.98331809453388
2024-07-08 01:00:00,25.008333333333333,26.29770702411426
2024-07-08 02:00:00,24.967083333333335,26.442949224693855
2024-07-08 03:00:00,24.962500000000002,26.462571427940972
2024-07-08 04:00:00,24.895833333333336,26.399405523832904
2024-07-08 05:00:00,24.793333333333333,25.849101418057707
2024-07-08 06:00:00,24.635714285714286,24.953824953248173
2024-07-08 07:00:00,24.56,24.701237586913408
2024-07-08 08:00:00,24.6175,24.574919358195974
2024-07-08 09:00:00,24.791666666666664,24.228935952816443
2024-07-08 10:00:00,24.970833333333335,24.41023745747961
2024-07-08 11:00:00,25.003333333333334,24.628743765577656
2024-07-08 12:00:00,25.091666666666665,24.34073477255691
2024-07-08 13:00:00,25.203333333333333,24.187043892427468
2024-07-08 14:00:00,24.052500000000002,23.91459427152399
2024-07-08 15:00:00,24.710416666666667,25.017741071359865
2024-07-08 16:00:00,25.275,24.98989999256908
2024-07-08 17:00:00,25.339166666666667,25.25003720921876
2024-07-08 18:00:00,25.285,25.215637402785685
2024-07-08 19:00:00,25.18333333333333,25.362940414319063
2024-07-08 20:00:00,25.066666666666666,25.574112046510024
2024-07-08 21:00:00,25.057499999999997,25.931834591367604
2024-07-08 22:00:00,25.026249999999997,26.109127998084546
2024-07-08 23:00:00,24.962500000000002,26.33824649061195
2024-07-09 00:00:00,24.9475,26.157820306191383
2024-07-09 01:00:00,24.891666666666666,26.133542279218737
2024-07-09 02:00:00,24.845833333333335,26.10449075701535
2024-07-09 03:00:00,24.862083333333334,26.09451558717378
2024-07-09 04:00:00,24.837500000000002,26.052437562667368
2024-07-09 05:00:00,24.008333333333333,25.455771185467057
2024-07-09 06:00:00,24.30833333333333,25.44158879855189
2024-07-09 07:00:00,25.045,25.36790719647857
2024-07-09 08:00:00,25.309166666666666,25.079441722081242
2024-07-09 09:00:00,25.59875,24.83992825963656
2024-07-09 10:00:00,25.651666666666664,24.829599396084504
2024-07-09 11:00:00,25.532916666666665,25.173490232800525
2024-07-09 12:00:00,25.495833333333334,24.59281531123446
2024-07-09 13:00:00,24.42625,24.05851075981259
2024-07-09 14:00:00,24.794166666666666,25.049107466789277
2024-07-09 15:00:00,25.420833333333334,25.45821834819906
2024-07-09 16:00:00,25.84583333333333,25.356413981266876
2024-07-09 17:00:00,25.747916666666665,25.57127935924999
2024-07-09 18:00:00,25.679166666666667,25.442422777195077
2024-07-09 19:00:00,25.592499999999998,25.540988866177734
2024-07-09 20:00:00,25.53125,25.710439602719916
2024-07-09 21:00:00,25.445,26.11781053697694
2024-07-09 22:00:00,25.400000000000002,26.372186481743107
2024-07-09 23:00:00,25.349166666666665,26.593258048105902
2024-07-10 00:00:00,25.35892857142857,26.405517364393944
2024-07-10 01:00:00,25.3375,26.33453167489167
2024-07-10 02:00:00,25.275,26.32218031816516
2024-07-10 03:00:00,25.245833333333334,26.329795542488895
2024-07-10 04:00:00,25.24,26.335584512686783
2024-07-10 05:00:00,25.16875,26.054700727927113
2024-07-10 06:00:00,24.615,25.344296308760185
2024-07-10 07:00:00,25.340833333333332,25.564957952761315
2024-07-10 08:00:00,25.887857142857143,25.322985709067854
2024-07-10 09:00:00,26.032142857142855,25.080571484239282
2024-07-10 10:00:00,26.041666666666664,25.032442260698865
2024-07-10 11:00:00,25.945833333333333,25.30188179031652
2024-07-10 12:00:00,25.99375,25.061285565047204
2024-07-10 13:00:00,26.044166666666666,25.06615376356108
2024-07-10 14:00:00,26.317500000000003,25.17327826178844
2024-07-10 15:00:00,26.405,25.595716231680584
2024-07-10 16:00:00,26.58833333333333,25.450504886087177
2024-07-10 17:00:00,26.50714285714286,25.736447723567597
2024-07-10 18:00:00,26.39,25.557597211303403
2024-07-10 19:00:00,26.252500000000005,25.630574317492826
2024-07-10 20:00:00,26.14047619047619,25.813561481067715
2024-07-10 21:00:00,26.1,26.236174852273237
2024-07-10 22:00:00,26.025,26.510183560141265
2024-07-10 23:00:00,26.0075,26.703526115582548
2024-07-11 00:00:00,25.95,26.5742845864602
2024-07-11 01:00:00,25.85,26.59312850866531
2024-07-11 02:00:00,25.883333333333333,26.421879235952993
2024-07-11 03:00:00,25.8475,26.477483164865333
2024-07-11 04:00:00,25.838333333333335,26.441339554212753
2024-07-11 05:00:00,25.653750000000002,26.06110076662951
2024-07-11 06:00:00,24.75,25.28781044679875
2024-07-11 07:00:00,25.503809523809522,25.697218666765387
2024-07-11 08:00:00,26.175833333333333,25.20445007302745
2024-07-11 09:00:00,26.220416666666665,25.158955866634994
2024-07-11 10:00:00,26.258333333333333,25.132702231346567
2024-07-11 11:00:00,26.22416666666667,25.412256525448228
2024-07-11 12:00:00,26.34206349206349,25.11705037316896
2024-07-11 13:00:00,26.463333333333335,25.14744020663953
2024-07-11 14:00:00,26.5225,25.24478599405886
2024-07-11 15:00:00,26.758333333333333,25.727011749702495
2024-07-11 16:00:00,26.9925,25.54302851852653
2024-07-11 17:00:00,26.932142857142857,25.826094042955724
2024-07-11 18:00:00,26.791666666666664,25.578624854177043
2024-07-11 19:00:00,26.7125,25.59593863655498
2024-07-11 20:00:00,26.625,25.892752296034875
2024-07-11 21:00:00,26.55464285714286,26.39233126250779
2024-07-11 22:00:00,26.48511904761905,26.58464353526611
2024-07-11 23:00:00,26.451666666666668,26.878292201938912
2024-07-12 00:00:00,26.44166666666667,26.65320942857006
2024-07-12 01:00:00,26.395833333333336,26.528331619007368
2024-07-12 02:00:00,26.372500000000002,26.473265771910015
2024-07-12 03:00:00,26.35,26.51045178416973
2024-07-12 04:00:00,26.337500000000002,26.523414495160537
2024-07-12 05:00:00,26.143333333333334,26.212539584031006
2024-07-12 06:00:00,25.619999999999997,25.584242282810436
2024-07-12 07:00:00,25.837500000000002,25.1824081098422
2024-07-12 08:00:00,25.8125,24.80312746746543
2024-07-12 09:00:00,25.66535714285714,24.82770779073357
2024-07-12 10:00:00,25.61125,24.779280586012625
2024-07-12 11:00:00,25.5125,24.91133158716073
2024-07-12 12:00:00,24.076488095238094,23.843970261422648
2024-07-12 13:00:00,24.854166666666668,24.616832275563585
2024-07-12 14:00:00,25.494166666666665,24.846068998686526
2024-07-12 15:00:00,25.9,25.170685382966326
2024-07-12 16:00:00,26.237499999999997,25.153105007817267
2024-07-12 17:00:00,26.15833333333333,25.362110510015576
2024-07-12 18:00:00,26.0525,25.202143324220167
2024-07-12 19:00:00,25.991666666666667,25.35101857262137
2024-07-12 20:00:00,25.9475,25.605355829613444
2024-07-12 21:00:00,25.9375,25.973939509238168
2024-07-12 22:00:00,25.8625,26.213519137809485
2024-07-12 23:00:00,25.869999999999997,26.442048210766465
2024-07-13 00:00:00,25.847500000000004,26.23359397839216
2024-07-13 01:00:00,25.851666666666667,26.178850516800587
2024-07-13 02:00:00,25.843809523809522,26.12645270994321
2024-07-13 03:00:00,25.7875,26.085662607840824
2024-07-13 04:00:00,25.78125,26.05466105696572
2024-07-13 05:00:00,25.78125,26.16265777019376
2024-07-13 06:00:00,25.850595238095238,26.319218608843222
2024-07-13 07:00:00,25.99833333333333,26.48895141341789
2024-07-13 08:00:00,26.258333333333333,26.759248722972004
2024-07-13 09:00:00,26.472916666666666,26.87286632607639
2024-07-13 10:00:00,26.6325,27.069228375577396
2024-07-13 11:00:00,26.741666666666667,27.066245285514483
2024-07-13 12:00:00,26.766666666666666,27.243759761170484
2024-07-13 13:00:00,26.7575,27.34925263888418
2024-07-13 14:00:00,26.85,27.423467388109625
2024-07-13 15:00:00,26.89,27.365474233139622
2024-07-13 16:00:00,27.020833333333336,27.40626532685377
2024-07-13 17:00:00,27.019166666666663,27.195207888799935
2024-07-13 18:00:00,26.90511904761905,27.107922502868007
2024-07-13 19:00:00,26.789583333333333,26.72162121172177
2024-07-13 20:00:00,26.638333333333332,26.499773870136693
2024-07-13 21:00:00,26.65,26.41651506296595
2024-07-13 22:00:00,26.560119047619047,26.458183358347448
2024-07-13 23:00:00,26.476666666666667,26.412284398361713
2024-07-14 00:00:00,26.44166666666667,26.22561974052548
2024-07-14 01:00:00,26.375,26.231835102527178
2024-07-14 02:00:00,26.3225,26.20349769837651
2024-07-14 03:00:00,26.28,26.18248322228746
2024-07-14 04:00:00,26.25,26.096244530493863
2024-07-14 05:00:00,26.2025,26.073941936504447
2024-07-14 06:00:00,26.423333333333332,26.27740749253795
2024-07-14 07:00:00,26.85,26.6423090923361
2024-07-14 08:00:00,27.1125,26.95146411247954
2024-07-14 09:00:00,27.245833333333334,27.000498578447925
2024-07-14 10:00:00,27.260833333333334,27.251561459880037
2024-07-14 11:00:00,27.245833333333334,27.382089778390643
2024-07-14 12:00:00,27.285714285714285,27.535516575322873
2024-07-14 13:00:00,27.27375,27.564640727203955
2024-07-14 14:00:00,27.27113095238095,27.594417786154807
2024-07-14 15:00:00,27.35,27.636915433687136
2024-07-14 16:00:00,27.4625,27.515056932433765
2024-07-14 17:00:00,27.4375,27.463119318656723
2024-07-14 18:00:00,27.337500000000002,27.176610934332913
2024-07-14 19:00:00,27.2275,26.88152304696142
2024-07-14 20:00:00,27.115,26.72273598338026
2024-07-14 21:00:00,27.025,26.51112226967358
2024-07-14 22:00:00,26.951666666666668,26.515933622767903
2024-07-14 23:00:00,26.94166666666667,26.5021634532665
2024-07-15 00:00:00,26.849999999999998,26.712566878616308
2024-07-15 01:00:00,26.808333333333334,26.955574103542
2024-07-15 02:00:00,26.792857142857144,26.97488262760816
2024-07-15 03:00:00,26.753333333333334,26.881468789693606
2024-07-15 04:00:00,26.7125,26.771975449756592
2024-07-15 05:00:00,26.50625,26.23526206567888
2024-07-15 06:00:00,25.53,25.126886188930303
2024-07-15 07:00:00,25.884077380952377,25.794020728535237
2024-07-15 08:00:00,26.038333333333334,25.146314556296524
2024-07-15 09:00:00,26.3925,25.331686207776546
2024-07-15 10:00:00,26.482083333333335,25.330375537004304
2024-07-15 11:00:00,26.35,25.655104485322177
2024-07-15 12:00:00,26.610714285714284,25.281939407035033
2024-07-15 13:00:00,26.816666666666666,25.28977853088892
2024-07-15 14:00:00,26.85,25.479069517999836
2024-07-15 15:00:00,27.1625,25.884329184444155
2024-07-15 16:00:00,27.455357142857142,25.737685467220885
2024-07-15 17:00:00,27.350952380952382,26.00052820477471
2024-07-15 18:00:00,27.22083333333333,25.926766314239295
2024-07-15 19:00:00,27.107142857142858,25.828747795736504
2024-07-15 20:00:00,26.9825,26.06799925381857
2024-07-15 21:00:00,26.915000000000003,26.425567312280663
2024-07-15 22:00:00,26.95,26.69744764859114
2024-07-15 23:00:00,26.872500000000002,26.936097553449812
2024-07-16 00:00:00,26.8525,26.810386472474086
2024-07-16 01:00:00,26.770833333333332,26.83392240360389
2024-07-16 02:00:00,26.775,26.78360797036312
2024-07-16 03:00:00,26.739166666666666,26.75330726155625
2024-07-16 04:00:00,26.75875,26.781411460196274
2024-07-16 05:00:00,26.51833333333333,26.269842570949372
2024-07-16 06:00:00,25.75559523809524,25.457491031411838
2024-07-16 07:00:00,26.089583333333334,25.473442199321283
2024-07-16 08:00:00,26.08125,24.97156819506062
2024-07-16 09:00:00,26.469583333333333,25.29636467788805
2024-07-16 10:00:00,26.46595238095238,25.266481071555667
2024-07-16 11:00:00,26.440624999999997,25.508070611574638
2024-07-16 12:00:00,26.493055555555554,25.238892030412035
2024-07-16 13:00:00,26.8875,25.35697156396452
2024-07-16 14:00:00,26.990000000000002,25.426146356580663
2024-07-16 15:00:00,27.3,25.913596273358504
2024-07-16 16:00:00,27.524166666666666,25.751358386489343
2024-07-16 17:00:00,27.46,26.025108027477376
2024-07-16 18:00:00,27.305357142857144,25.926175043709495
2024-07-16 19:00:00,27.225,25.881273903290896
2024-07-16 20:00:00,27.154166666666665,26.070337211979957
2024-07-16 21:00:00,27.049999999999997,26.505441910350655
2024-07-16 22:00:00,27.0525,26.747030619983853
2024-07-16 23:00:00,27.026666666666667,26.94897307528346
2024-07-17 00:00:00,26.975,26.822402465129443
2024-07-17 01:00:00,26.957440476190477,26.814379222730956
2024-07-17 02:00:00,26.95416666666667,26.74571137990972
2024-07-17 03:00:00,26.920833333333334,26.658385123997505
2024-07-17 04:00:00,26.908333333333335,26.699953851559115
2024-07-17 05:00:00,26.673750000000002,26.257894259985875
2024-07-17 06:00:00,25.518055555555556,25.387956948658218
2024-07-17 07:00:00,26.049999999999997,25.83000976332167
2024-07-17 08:00:00,26.08327380952381,25.301189906493885
2024-07-17 09:00:00,26.4775,25.480425968818125
2024-07-17 10:00:00,26.5625,25.38121330861003
2024-07-17 11:00:00,26.463333333333335,25.626033787946106
2024-07-17 12:00:00,26.785416666666666,25.37161531196174
2024-07-17 13:00:00,27.083333333333332,25.361489944500473
2024-07-17 14:00:00,27.232142857142858,25.437075086007987
2024-07-17 15:00:00,27.423571428571428,25.848169861137627
2024-07-17 16:00:00,27.5075,25.811149309869442
2024-07-17 17:00:00,27.368333333333332,25.966016251392922
2024-07-17 18:00:00,27.3525,25.84211378747014
2024-07-17 19:00:00,27.217291666666668,25.861089488780237
2024-07-17 20:00:00,27.214166666666667,26.06627720820535
2024-07-17 21:00:00,27.166666666666664,26.574744907410665
2024-07-17 22:00:00,27.087500000000002,26.767083716041622
2024-07-17 23:00:00,27.075,26.962442722311526
2024-07-18 00:00:00,27.06583333333333,26.779768793087708
2024-07-18 01:00:00,27.055833333333332,26.838120234520176
2024-07-18 02:00:00,27.0475,26.896100005918402
2024-07-18 03:00:00,27.005357142857143,26.742094163177732
2024-07-18 04:00:00,26.957142857142856,26.833389772713957
2024-07-18 05:00:00,26.75625,26.42794387921085
2024-07-18 06:00:00,25.749642857142856,25.52691596120448
2024-07-18 07:00:00,26.128571428571426,25.64781520017806
2024-07-18 08:00:00,26.745833333333334,25.584311155225876
2024-07-18 09:00:00,26.832083333333333,25.46814158221318
2024-07-18 10:00:00,26.8,25.462635696541657
2024-07-18 11:00:00,26.929166666666667,25.779089400893675
2024-07-18 12:00:00,27.07,25.442852155326698
2024-07-18 13:00:00,27.282083333333333,25.398150446600603
2024-07-18 14:00:00,27.36696428571429,25.56909884710486
2024-07-18 15:00:00,27.455,25.902692972227456
2024-07-18 16:00:00,27.58583333333333,25.83428887387337
2024-07-18 17:00:00,27.5625,25.993010920111928
2024-07-18 18:00:00,27.445833333333333,25.997971290893275
2024-07-18 19:00:00,27.37916666666667,26.048181840092816
2024-07-18 20:00:00,27.275,26.247871377477637
2024-07-18 21:00:00,27.27,26.693782677696518
2024-07-18 22:00:00,27.2725,26.863802206655677
2024-07-18 23:00:00,27.235833333333336,27.16337199957631
2024-07-19 00:00:00,27.1875,27.03592712493175
2024-07-19 01:00:00,27.151666666666667,26.989606819159846
2024-07-19 02:00:00,27.157916666666665,26.961041547357315
2024-07-19 03:00:00,27.152976190476192,26.937713829287983
2024-07-19 04:00:00,27.15,26.928987618158956
2024-07-19 05:00:00,26.945833333333333,26.46132718259708
2024-07-19 06:00:00,25.84375,25.622786505194874
2024-07-19 07:00:00,26.070833333333333,25.965394832903783
2024-07-19 08:00:00,26.595,25.752719525193335
2024-07-19 09:00:00,26.900714285714287,25.448621513111945
2024-07-19 10:00:00,26.736190476190476,25.49034625430341
2024-07-19 11:00:00,26.98095238095238,25.930943863234475
2024-07-19 12:00:00,27.229166666666664,25.472960011338955
2024-07-19 13:00:00,27.343214285714282,25.39987836506183
2024-07-19 14:00:00,27.28035714285714,25.485871512826385
2024-07-19 15:00:00,27.458333333333336,25.67952723758102
2024-07-19 16:00:00,27.441666666666666,25.5389014103851
2024-07-19 17:00:00,27.2225,25.750910749206657
2024-07-19 18:00:00,27.049999999999997,25.30715136202228
2024-07-19 19:00:00,27.0075,25.637399439414377
2024-07-19 20:00:00,27.0325,26.003442902424467
2024-07-19 21:00:00,26.945833333333333,26.45664255268916
2024-07-19 22:00:00,26.958333333333336,26.661416820446497
2024-07-19 23:00:00,26.950000000000003,26.776685303261026
2024-07-20 00:00:00,26.875,26.529970148465154
2024-07-20 01:00:00,26.85,26.45881352219455
2024-07-20 02:00:00,26.86,26.53247248474107
2024-07-20 03:00:00,26.8,26.428606816254813
2024-07-20 04:00:00,26.770833333333336,26.368935878141066
2024-07-20 05:00:00,26.75,26.347296179004317
2024-07-20 06:00:00,26.889166666666668,26.720742924034994
2024-07-20 07:00:00,27.254166666666666,26.965127960975078
2024-07-20 08:00:00,27.59375,27.322782249478188
2024-07-20 09:00:00,27.7,27.630250789339165
2024-07-20 10:00:00,27.683333333333334,27.833902427495318
2024-07-20 11:00:00,27.75,27.94742452849745
2024-07-20 12:00:00,27.752380952380953,28.01029877865355
2024-07-20 13:00:00,27.770833333333336,27.940721727189505
2024-07-20 14:00:00,27.81875,28.01838545285902
2024-07-20 15:00:00,27.9,27.9674930642821
2024-07-20 16:00:00,27.88875,27.93651954626899
2024-07-20 17:00:00,27.9075,27.8475729457489
2024-07-20 18:00:00,27.778333333333336,27.62436354198428
2024-07-20 19:00:00,27.72083333333333,27.170060513024836
2024-07-20 20:00:00,27.61,27.071239328045912
2024-07-20 21:00:00,27.554166666666667,27.137182413604044
2024-07-20 22:00:00,27.5,27.02648417677623
2024-07-20 23:00:00,27.4375,27.01572622621015
2024-07-21 00:00:00,27.450000000000003,26.906306091578344
2024-07-21 01:00:00,27.370833333333334,26.785702106860406
2024-07-21 02:00:00,27.337500000000002,26.683610328156774
2024-07-21 03:00:00,27.275,26.755935549121126
2024-07-21 04:00:00,27.245833333333334,26.68851253805788
2024-07-21 05:00:00,27.233333333333334,26.689551401746222
2024-07-21 06:00:00,27.325,26.87958609997427
2024-07-21 07:00:00,27.745238095238093,27.186051320270128
2024-07-21 08:00:00,28.10238095238095,27.447139629345386
2024-07-21 09:00:00,28.219285714285714,27.654639011743235
2024-07-21 10:00:00,28.265,27.85600544357102
2024-07-21 11:00:00,28.345833333333335,27.987134099141162
2024-07-21 12:00:00,28.339375,28.092891371865043
2024-07-21 13:00:00,28.3625,28.155479220867555
2024-07-21 14:00:00,28.35,28.037869521122076
2024-07-21 15:00:00,28.375,28.078401423411123
2024-07-21 16:00:00,28.429166666666667,28.022830084690238
2024-07-21 17:00:00,28.354999999999997,27.63673417245038
2024-07-21 18:00:00,28.259999999999998,27.495602468900447
2024-07-21 19:00:00,28.146547619047617,27.285155795054855
2024-07-21 20:00:00,28.045833333333334,27.155341149620178
2024-07-21 21:00:00,27.991666666666667,27.09357925853314
2024-07-21 22:00:00,27.90125,27.1018435444281
2024-07-21 23:00:00,27.84375,27.041025081942962
2024-07-22 00:00:00,27.7475,27.297555562474738
2024-07-22 01:00:00,27.708333333333336,27.51021777792421
2024-07-22 02:00:00,27.658333333333335,27.62629677033199
2024-07-22 03:00:00,27.638333333333335,27.671892883280066
2024-07-22 04:00:00,27.566666666666666,27.48636299371103
2024-07-22 05:00:00,27.370833333333334,26.869817650341655
2024-07-22 06:00:00,26.058125,25.22144423436272
2024-07-22 07:00:00,26.117559523809522,25.564460091923422
2024-07-22 08:00:00,26.18541666666667,25.286073586729554
2024-07-22 09:00:00,26.6625,25.717511303938302
2024-07-22 10:00:00,26.864285714285714,25.725298266201538
2024-07-22 11:00:00,26.743333333333336,26.051453489695938
2024-07-22 12:00:00,27.082738095238096,25.80133498368124
2024-07-22 13:00:00,27.36830357142857,25.778511420692418
2024-07-22 14:00:00,27.4275,25.904868571308974
2024-07-22 15:00:00,27.7125,26.17495217219269
2024-07-22 16:00:00,27.7225,26.038688735827876
2024-07-22 17:00:00,27.508214285714285,25.906796159813254
2024-07-22 18:00:00,27.39666666666667,25.640395162381854
2024-07-22 19:00:00,27.332500000000003,26.092640859350105
2024-07-22 20:00:00,27.3,26.384402214118197
2024-07-22 21:00:00,27.2575,26.819180851373233
2024-07-22 22:00:00,27.24875,27.09360118992825
2024-07-22 23:00:00,27.248214285714283,27.346895850405183
2024-07-23 00:00:00,27.2525,27.259639917599074
2024-07-23 01:00:00,27.2375,27.217280564301337
2024-07-23 02:00:00,27.237499999999997,27.23261010597829
2024-07-23 03:00:00,27.2,27.29078833531218
2024-07-23 04:00:00,27.214583333333334,27.207200653218486
2024-07-23 05:00:00,27.0,26.768325497545803
2024-07-23 06:00:00,25.72738095238095,25.921862708096427
2024-07-23 07:00:00,25.954285714285714,26.05492600367362
2024-07-23 08:00:00,26.10333333333333,25.696469727149413
2024-07-23 09:00:00,26.520833333333332,25.515815973091563
2024-07-23 10:00:00,25.87222222222222,25.172851263849317
2024-07-23 11:00:00,26.3375,25.76318250182917
2024-07-23 12:00:00,26.56458333333333,25.342401364589364
2024-07-23 13:00:00,25.81666666666667,24.866294354161674
2024-07-23 14:00:00,25.533333333333335,25.334856461750555
2024-07-23 15:00:00,26.28,26.19454415566355
2024-07-23 16:00:00,26.8875,26.12312441110752
2024-07-23 17:00:00,27.03095238095238,26.364774704589607
2024-07-23 18:00:00,26.971666666666668,26.293783995998922
2024-07-23 19:00:00,26.925,26.566637591028915
2024-07-23 20:00:00,26.847916666666666,26.37945533357393
2024-07-23 21:00:00,26.84277777777778,26.851257076493997
2024-07-23 22:00:00,26.85,27.099506234616296
2024-07-23 23:00:00,26.848333333333333,27.325544531703294
2024-07-24 00:00:00,26.85,27.181016501803292
2024-07-24 01:00:00,26.8075,27.041779526565996
2024-07-24 02:00:00,26.809722222222224,27.002517196382357
2024-07-24 03:00:00,26.808333333333334,26.988575788232538
2024-07-24 04:00:00,26.7475,26.954076299344372
2024-07-24 05:00:00,26.189999999999998,26.21357068378294
2024-07-24 06:00:00,25.28333333333333,25.60369167526959
2024-07-24 07:00:00,25.166666666666668,25.631932989935187
2024-07-24 08:00:00,25.124761904761908,25.454938175206024
2024-07-24 09:00:00,25.167857142857144,25.22143800761706
2024-07-24 10:00:00,25.188095238095237,25.42285839934003
2024-07-24 11:00:00,25.0525,25.65579604076882
2024-07-24 12:00:00,25.10369047619048,25.311217230850367
2024-07-24 13:00:00,25.085714285714285,25.224616302503026
2024-07-24 14:00:00,24.889880952380953,25.58920098262272
2024-07-24 15:00:00,25.46,26.125609379228656
2024-07-24 16:00:00,25.884999999999998,25.88915095242797
2024-07-24 17:00:00,26.050714285714285,26.033038302879408
2024-07-24 18:00:00,26.05833333333333,25.888294193652563
2024-07-24 19:00:00,26.064999999999998,26.046358728081618
2024-07-24 20:00:00,26.07,26.321369582889055
2024-07-24 21:00:00,26.075000000000003,26.73417141733222
2024-07-24 22:00:00,26.125,26.921020749033985
2024-07-24 23:00:00,26.1375,27.236546294615927
2024-07-25 00:00:00,26.170833333333334,27.06078915890007
2024-07-25 01:00:00,26.166666666666668,27.021617705968744
2024-07-25 02:00:00,26.1475,27.015845711858617
2024-07-25 03:00:00,26.15,27.01274207920957
2024-07-25 04:00:00,26.13630952380952,26.98296347973129
2024-07-25 05:00:00,25.535416666666666,26.195951811467932
2024-07-25 06:00:00,24.695833333333333,25.63930535626443
2024-07-25 07:00:00,24.628333333333334,25.58188587622837
2024-07-25 08:00:00,24.677500000000002,25.366620447646262
2024-07-25 09:00:00,24.702916666666667,25.216290821400765
2024-07-25 10:00:00,24.603125,25.225975164033272
2024-07-25 11:00:00,24.356666666666666,25.450805759685267
2024-07-25 12:00:00,24.340833333333332,25.03483614235217
2024-07-25 13:00:00,24.303809523809523,24.964015142138187
2024-07-25 14:00:00,24.112083333333334,25.164565321651274
2024-07-25 15:00:00,24.89375,25.932038087492796
2024-07-25 16:00:00,25.663392857142856,25.868880267970738
2024-07-25 17:00:00,25.727857142857143,26.1919115151803
2024-07-25 18:00:00,25.759999999999998,26.101791984363423
2024-07-25 19:00:00,25.7375,26.260735082584745
2024-07-25 20:00:00,25.74142857142857,26.63451795078997
2024-07-25 21:00:00,25.745833333333334,26.9829080939123
2024-07-25 22:00:00,25.760416666666664,27.213975919671356
2024-07-25 23:00:00,25.75952380952381,27.487951145563834
2024-07-26 00:00:00,25.779166666666665,27.307444862261598
2024-07-26 01:00:00,25.82333333333333,27.272708417255213
2024-07-26 02:00:00,25.835416666666667,27.300873385119935
2024-07-26 03:00:00,25.84388888888889,27.270025301199443
2024-07-26 04:00:00,25.840000000000003,27.27341167696531
2024-07-26 05:00:00,25.313541666666666,26.549941718855678
2024-07-26 06:00:00,24.545833333333334,26.01087438923286
2024-07-26 07:00:00,24.470833333333335,25.754116955595705
2024-07-26 08:00:00,24.505000000000003,25.48660977924277
2024-07-26 09:00:00,24.516666666666666,25.247139637401297
2024-07-26 10:00:00,24.505833333333335,25.28725230344466
2024-07-26 11:00:00,24.3125,25.513363064471136
2024-07-26 12:00:00,24.232857142857142,25.195348335303564
2024-07-26 13:00:00,24.565178571428568,25.65725996511587
2024-07-26 14:00:00,24.468333333333334,25.17554542999442
2024-07-26 15:00:00,25.0775,26.105885820691753
2024-07-26 16:00:00,25.825,25.991798649189477
2024-07-26 17:00:00,25.9525,26.288305112201833
2024-07-26 18:00:00,25.941666666666666,26.066271861945058
2024-07-26 19:00:00,25.963333333333335,26.257002105485682
2024-07-26 20:00:00,25.875,26.53265652319778
2024-07-26 21:00:00,25.84166666666667,27.036644003586147
2024-07-26 22:00:00,25.845833333333335,27.185111409794164
2024-07-26 23:00:00,25.850714285714286,27.55032748028072
2024-07-27 00:00:00,25.875,27.384750668268627
2024-07-27 01:00:00,25.864583333333332,27.375138257600753
2024-07-27 02:00:00,25.889999999999997,27.338018559961768
2024-07-27 03:00:00,25.8875,27.271263344634946
2024-07-27 04:00:00,25.875,27.278928839044355
2024-07-27 05:00:00,25.8775,27.324300355119906
2024-07-27 06:00:00,25.981428571428573,27.507781621826673
2024-07-27 07:00:00,26.06,27.65271076365823
2024-07-27 08:00:00,26.382291666666667,28.06811048379086
2024-07-27 09:00:00,26.74375,28.260086728092425
2024-07-27 10:00:00,26.818749999999998,28.329370934255028
2024-07-27 11:00:00,27.023333333333333,28.427445495672526
2024-07-27 12:00:00,27.0625,28.56283013799201
2024-07-27 13:00:00,27.154166666666665,28.666282192035137
2024-07-27 14:00:00,27.208333333333336,28.698321452311063
2024-07-27 15:00:00,27.3125,28.728917951152688
2024-07-27 16:00:00,27.34,28.668480107333988
2024-07-27 17:00:00,27.42738095238095,28.586916973437948
2024-07-27 18:00:00,27.295833333333334,28.238587671998104
2024-07-27 19:00:00,27.25,27.766286333432106
2024-07-27 20:00:00,27.122916666666665,27.727187044912796
2024-07-27 21:00:00,27.051666666666666,27.658387135892497
2024-07-27 22:00:00,27.03333333333333,27.63595030459583
2024-07-27 23:00:00,26.97142857142857,27.65010858560923
2024-07-28 00:00:00,26.973214285714285,27.48072720895167
2024-07-28 01:00:00,26.9375,27.460565531307783
2024-07-28 02:00:00,26.9375,27.4156976320646
2024-07-28 03:00:00,26.85,27.387310187505463
2024-07-28 04:00:00,26.86,27.297133593303123
2024-07-28 05:00:00,26.86208333333333,27.367478331533604
2024-07-28 06:00:00,26.96333333333333,27.519182185740114
2024-07-28 07:00:00,27.389166666666664,27.672013589714158
2024-07-28 08:00:00,27.79791666666667,28.089265467218866
2024-07-28 09:00:00,27.955,28.4344628372032
2024-07-28 10:00:00,28.068333333333335,28.623364837538926
2024-07-28 11:00:00,28.079166666666666,28.74476295459697
2024-07-28 12:00:00,28.1,28.84387750729078
2024-07-28 13:00:00,28.139999999999997,28.945000878731936
2024-07-28 14:00:00,28.144642857142856,29.03274891264356
2024-07-28 15:00:00,28.2,29.011015559775696
2024-07-28 16:00:00,28.265,28.949902402286078
2024-07-28 17:00:00,28.2625,28.77826426239715
2024-07-28 18:00:00,28.215,28.44479196921801
2024-07-28 19:00:00,28.139880952380953,28.647332850876854
2024-07-28 20:00:00,28.058333333333334,28.31615048172473
2024-07-28 21:00:00,27.986785714285716,27.96134395556905
2024-07-28 22:00:00,27.953333333333333,27.83595192828116
2024-07-28 23:00:00,27.9325,27.69925311317494
2024-07-29 00:00:00,27.825,27.907518030429976
2024-07-29 01:00:00,27.748214285714283,28.16726238217761
2024-07-29 02:00:00,27.6625,28.22797754358836
2024-07-29 03:00:00,27.65,28.18987893047787
2024-07-29 04:00:00,27.54375,28.107137183261806
2024-07-29 05:00:00,26.731428571428573,26.997755639591674
2024-07-29 06:00:00,26.01190476190476,25.844399795830405
2024-07-29 07:00:00,25.924166666666665,25.664819480369175
2024-07-29 08:00:00,25.990714285714283,25.705195792314512
2024-07-29 09:00:00,25.920833333333334,25.598553010292246
2024-07-29 10:00:00,25.692916666666665,25.529247738174845
2024-07-29 11:00:00,25.418333333333333,25.84014691207578
2024-07-29 12:00:00,25.3,25.463113908341455
2024-07-29 13:00:00,25.23229166666667,25.405644734691855
2024-07-29 14:00:00,25.297023809523807,25.603148546962448
2024-07-29 15:00:00,26.01625,26.58329017828666
2024-07-29 16:00:00,26.637499999999996,26.44081122145313
2024-07-29 17:00:00,26.764583333333334,26.87567365521217
2024-07-29 18:00:00,26.816666666666666,26.706819480522398
2024-07-29 19:00:00,26.825,26.919376939754727
2024-07-29 20:00:00,26.76625,27.21426776529851
2024-07-29 21:00:00,26.743333333333332,27.619162547226342
2024-07-29 22:00:00,26.760416666666664,27.809264480931493
2024-07-29 23:00:00,26.8125,28.043186773467024
2024-07-30 00:00:00,26.837500000000002,27.929429752705303
2024-07-30 01:00:00,26.85,27.837666311498367
2024-07-30 02:00:00,26.84166666666667,27.826789789130356
2024-07-30 03:00:00,26.865,27.77019700572476
2024-07-30 04:00:00,26.845833333333335,27.723537758939383
2024-07-30 05:00:00,26.2275,26.890425502014153
2024-07-30 06:00:00,25.387500000000003,26.265094641178134
2024-07-30 07:00:00,25.350744047619045,26.116498811383885
2024-07-30 08:00:00,25.487499999999997,25.843068306979248
2024-07-30 09:00:00,25.547619047619047,25.656537492604443
2024-07-30 10:00:00,25.360416666666666,25.706370706927373
2024-07-30 11:00:00,25.08083333333333,25.939883227757246
2024-07-30 12:00:00,25.09375,25.68980770732511
2024-07-30 13:00:00,25.016666666666666,25.71710741181422
2024-07-30 14:00:00,24.93,26.02232579977878
2024-07-30 15:00:00,25.819047619047616,26.76615394740213
2024-07-30 16:00:00,26.45,26.71420739067561
2024-07-30 17:00:00,26.6375,26.92099736101202
2024-07-30 18:00:00,26.616666666666667,26.71183818732289
2024-07-30 19:00:00,26.605357142857144,26.8061608391025
2024-07-30 20:00:00,26.61041666666667,27.19457712091619
2024-07-30 21:00:00,26.620833333333334,27.59729470596178
2024-07-30 22:00:00,26.65,27.82743103698291
2024-07-30 23:00:00,26.644285714285715,28.091452474345587
